valor,label
-0.060113538056612015,1
-0.8711219429969788,1
-1.0612030029296875,1
0.6544513702392578,1
0.7443520426750183,1
0.8546851277351379,1
2.1330673694610596,1
-1.061133861541748,1
-1.528839349746704,1
0.42241066694259644,1
0.263649046421051,1
0.8618624806404114,1
0.6226214170455933,1
-1.1106975078582764,1
0.48003190755844116,1
0.04611734300851822,1
-0.3700126111507416,1
-0.5414789319038391,1
1.3164045810699463,1
-0.09345025569200516,1
-2.371041774749756,1
-0.13736873865127563,1
0.08150101453065872,1
-0.9779762029647827,1
0.7865225672721863,1
0.36226361989974976,1
0.930790901184082,1
-1.5620325803756714,1
0.9633650779724121,1
1.0920096635818481,1
0.8288145065307617,1
-0.9914494752883911,1
-0.24980445206165314,1
-0.28531694412231445,1
0.6267938017845154,1
0.2501875162124634,1
1.155455231666565,1
-1.262799859046936,1
0.36375948786735535,1
-1.2629071474075317,1
-1.207973837852478,1
1.8715437650680542,1
-0.10116124898195267,1
-0.47616904973983765,1
0.4775819778442383,1
-0.13193723559379578,1
-0.15152648091316223,1
-0.9411205649375916,1
-1.0030503273010254,1
0.9748914241790771,1
-0.11518594622612,1
-0.8645934462547302,1
-0.7704738974571228,1
0.4150196611881256,1
0.09644187986850739,1
-0.7046260833740234,1
-0.07064472883939743,1
-0.1255827695131302,1
0.31729522347450256,1
-1.1967004537582397,1
0.7352983951568604,1
0.49670934677124023,1
0.9948331713676453,1
0.6904773712158203,1
-0.44556725025177,1
-0.968493640422821,1
-1.7814815044403076,1
-0.46665918827056885,1
0.5335625410079956,1
-0.3827430009841919,1
0.4205622375011444,1
0.5010523796081543,1
-1.0101051330566406,1
-0.19613049924373627,1
0.7417942881584167,1
0.6879982948303223,1
-0.25558406114578247,1
-0.4578016996383667,1
1.1851774454116821,1
0.5059509873390198,1
-1.0464259386062622,1
-0.20012491941452026,1
-0.8002379536628723,1
0.43872377276420593,1
0.219856858253479,1
0.12061107903718948,1
-0.8868108987808228,1
1.272448182106018,1
-0.5645692944526672,1
0.49094125628471375,1
-0.29587554931640625,1
1.0373367071151733,1
-1.651930809020996,1
-0.355060338973999,1
-1.5166234970092773,1
0.6587539315223694,1
-0.2871636748313904,1
-0.5129995346069336,1
0.5086262822151184,1
-1.0019567012786865,1
0.7544688582420349,1
-0.5949801802635193,1
-0.605043888092041,1
-1.003221035003662,1
-1.1587885618209839,1
-0.045691635459661484,1
-0.9212096929550171,1
0.970173716545105,1
0.9587153792381287,1
1.330484390258789,1
0.6025301814079285,1
-0.6397104859352112,1
-0.390442818403244,1
0.48477205634117126,1
1.8839974403381348,1
-0.19416537880897522,1
1.17374587059021,1
0.9850450754165649,1
-0.012997391633689404,1
1.605730414390564,1
0.5633028149604797,1
-1.0608866214752197,1
0.3207387626171112,1
-1.4070032835006714,1
-2.560129404067993,1
-1.1429343223571777,1
0.9333249926567078,1
-0.2126036137342453,1
-0.714522659778595,1
0.13317888975143433,1
1.1546859741210938,1
-1.251239538192749,1
-0.41886648535728455,1
0.8003208637237549,1
0.3556673526763916,1
-0.9837002158164978,1
-0.9100548624992371,1
-0.2779887318611145,1
-0.5983173251152039,1
0.40082764625549316,1
-0.8932475447654724,1
0.26198863983154297,1
1.3446643352508545,1
-1.5207878351211548,1
0.5364567637443542,1
0.41278189420700073,1
-0.825413703918457,1
0.4110206961631775,1
-1.0754722356796265,1
-0.3386743664741516,1
-0.2819954454898834,1
-0.431668758392334,1
0.20699214935302734,1
0.5507250428199768,1
0.8548226356506348,1
0.9761767387390137,1
0.004708440043032169,1
1.1689555644989014,1
-1.4517656564712524,1
-0.468020498752594,1
-1.2845102548599243,1
0.5028588175773621,1
-0.3672579228878021,1
-1.8949651718139648,1
0.06696298718452454,1
2.3302643299102783,1
-1.240496039390564,1
1.083449363708496,1
-1.5385069847106934,1
1.1546679735183716,1
-0.2583625018596649,1
0.7518423795700073,1
1.911571741104126,1
-0.17753584682941437,1
-1.3689888715744019,1
-0.12461341172456741,1
0.4719918966293335,1
0.7422309517860413,1
2.2374260425567627,1
-0.9630053639411926,1
-0.2723230719566345,1
-0.11951097846031189,1
-0.6386896967887878,1
-1.6127917766571045,1
1.4655689001083374,1
-0.5413650274276733,1
-0.8174732327461243,1
-0.4003329873085022,1
-0.6487862467765808,1
-1.5248891115188599,1
-0.3969563841819763,1
-0.48836931586265564,1
-2.4328534603118896,1
1.2184113264083862,1
-1.0967838764190674,1
-1.164149284362793,1
-1.3767919540405273,1
-0.8821142315864563,1
-0.7833617925643921,1
0.8360198736190796,1
-1.377638578414917,1
-2.361933708190918,1
-0.6220253109931946,1
-0.6864055395126343,1
0.9605109691619873,1
0.32094335556030273,1
-0.6266170144081116,1
-0.5039312839508057,1
3.003511428833008,1
0.7790908217430115,1
0.710858941078186,1
0.42191481590270996,1
0.07827792316675186,1
1.2337896823883057,1
-1.011237382888794,1
-0.29130369424819946,1
-1.008597493171692,1
0.8662005066871643,1
-0.5077662467956543,1
0.010978013277053833,1
-0.18930703401565552,1
-0.5770500898361206,1
0.1967928558588028,1
-0.047477006912231445,1
1.5905301570892334,1
-1.6977646350860596,1
-1.8306688070297241,1
0.7409816980361938,1
0.5392431020736694,1
-0.5019389986991882,1
0.3211096525192261,1
0.6778005361557007,1
-0.0756031796336174,1
-0.6315438151359558,1
-0.26576367020606995,1
-1.061462640762329,1
-0.0023896985221654177,1
0.2263175994157791,1
-2.417646884918213,1
-1.5876544713974,1
-1.052032470703125,1
-0.6156736016273499,1
0.8425166606903076,1
-2.3145720958709717,1
-0.478803426027298,1
-0.030719544738531113,1
0.4875142574310303,1
0.13777129352092743,1
1.1828417778015137,1
-0.09845402836799622,1
0.6485995054244995,1
0.261775940656662,1
-0.5439956784248352,1
0.6160725355148315,1
-1.2072211503982544,1
-0.5715287923812866,1
0.5322686433792114,1
0.4524082541465759,1
-1.6407700777053833,1
-0.7497440576553345,1
-0.7387663722038269,1
0.19541142880916595,1
0.2626398503780365,1
0.3064690828323364,1
0.7789041996002197,1
-1.1232681274414062,1
0.6356622576713562,1
-1.0293550491333008,1
1.1137049198150635,1
-1.1857800483703613,1
0.19100803136825562,1
0.14919660985469818,1
-0.5938506722450256,1
-0.4672032594680786,1
0.799910306930542,1
-0.632042646408081,1
-0.8152318000793457,1
0.6255546808242798,1
-0.3984343707561493,1
-0.39652538299560547,1
-0.16557052731513977,1
0.2827457785606384,1
-1.354617714881897,1
-0.6877887845039368,1
1.880881428718567,1
1.8731677532196045,1
-1.2237502336502075,1
-0.09254909306764603,1
-0.43043169379234314,1
0.1797729879617691,1
1.545188307762146,1
0.5126408338546753,1
1.3889886140823364,1
-0.13185018301010132,1
-1.2448867559432983,1
-0.38437747955322266,1
0.6311271786689758,1
-0.6702215075492859,1
0.23597125709056854,1
1.1416893005371094,1
-1.9725865125656128,1
0.5831525325775146,1
1.3488997220993042,1
-0.3097389340400696,1
0.5726358890533447,1
-1.70204496383667,1
1.7930569648742676,1
-1.5138421058654785,1
0.907910943031311,1
-1.6658128499984741,1
-0.042399633675813675,1
1.3647987842559814,1
0.9666934609413147,1
-1.0658519268035889,1
0.8224937319755554,1
0.7932243943214417,1
-0.4537477493286133,1
1.3728508949279785,1
-0.4969756305217743,1
-0.27907615900039673,1
-0.1699056476354599,1
-0.9290257096290588,1
0.2049599438905716,1
-0.7452674508094788,1
0.6356260776519775,1
0.7160869836807251,1
-0.7604733109474182,1
-0.8135784864425659,1
-1.2457095384597778,1
0.9352911710739136,1
0.8753708600997925,1
-0.35777747631073,1
-0.240991473197937,1
1.0383715629577637,1
0.4360310435295105,1
-1.0286247730255127,1
0.14168058335781097,1
-0.8347126841545105,1
0.2241857647895813,1
-0.6481995582580566,1
-2.196948528289795,1
-1.5173139572143555,1
0.12745925784111023,1
0.14556194841861725,1
-0.9293397068977356,1
2.4617650508880615,1
-0.06404624879360199,1
0.36741015315055847,1
0.9302420020103455,1
0.12322691082954407,1
0.5261068344116211,1
1.0940322875976562,1
0.20992574095726013,1
0.10782408714294434,1
-0.881166398525238,1
1.9702478647232056,1
1.5866844654083252,1
0.7547023892402649,1
-0.9840906858444214,1
-0.07751840353012085,1
1.2708935737609863,1
0.24374011158943176,1
0.6473148465156555,1
0.5467983484268188,1
-1.0019289255142212,1
1.1237550973892212,1
0.31623804569244385,1
0.5437781810760498,1
1.1825824975967407,1
-1.7212640047073364,1
-1.0115010738372803,1
-0.5373110175132751,1
0.4132312536239624,1
1.4236992597579956,1
-0.010960718616843224,1
-0.31326067447662354,1
-0.5620287656784058,1
-0.1511523723602295,1
-0.5602772831916809,1
-1.5229324102401733,1
-1.2016385793685913,1
-0.8903558850288391,1
-0.21099606156349182,1
0.3825644254684448,1
-0.1185302734375,1
0.1950768232345581,1
0.29841697216033936,1
0.33543112874031067,1
-0.7389722466468811,1
0.6111477613449097,1
-1.0913718938827515,1
1.3830771446228027,1
0.24533632397651672,1
0.9132859110832214,1
-0.425365149974823,1
-1.0237163305282593,1
-0.6047316789627075,1
0.30655723810195923,1
0.4635778069496155,1
1.9496878385543823,1
-0.6672745943069458,1
0.712782621383667,1
0.6351320743560791,1
-0.212360218167305,1
-0.7808761596679688,1
1.2917128801345825,1
0.044178664684295654,1
1.0791218280792236,1
0.8984461426734924,1
-0.5140939354896545,1
-0.3346076011657715,1
-0.27302759885787964,1
-1.2140986919403076,1
-0.8667661547660828,1
0.21089085936546326,1
0.5221560001373291,1
1.546722650527954,1
0.396284282207489,1
-1.231563687324524,1
0.9518479108810425,1
-0.7754299640655518,1
1.0045570135116577,1
-0.21324005722999573,1
-1.322303056716919,1
-0.028987504541873932,1
-0.3115508556365967,1
-0.2827223241329193,1
-1.0491528511047363,1
-0.4634634852409363,1
-0.5090020895004272,1
-1.533164143562317,1
-0.4761107265949249,1
1.2290009260177612,1
1.5824321508407593,1
-0.49047529697418213,1
-0.07894768565893173,1
0.6320469975471497,1
-0.25362178683280945,1
-1.4487831592559814,1
0.12592418491840363,1
1.3924365043640137,1
-0.3506101965904236,1
-0.4749000668525696,1
0.4201599657535553,1
-0.7664411067962646,1
-0.5427433848381042,1
1.3070175647735596,1
0.37291771173477173,1
0.21417585015296936,1
-1.0657432079315186,1
-1.0935556888580322,1
0.22215741872787476,1
0.16832712292671204,1
-0.5993025898933411,1
0.12094039469957352,1
-0.8584688901901245,1
-0.5186763405799866,1
-0.8843820095062256,1
-0.5481363534927368,1
-1.0862276554107666,1
-0.6390746235847473,1
0.23400892317295074,1
0.3323761522769928,1
-0.5223058462142944,1
-0.8907487392425537,1
0.6507834196090698,1
1.8056576251983643,1
-0.26719772815704346,1
-0.2386516034603119,1
-0.9822579026222229,1
-0.5070371627807617,1
1.9779208898544312,1
2.022942304611206,1
-0.052764177322387695,1
-0.3829127848148346,1
0.19082453846931458,1
-0.8805400133132935,1
-0.09074859321117401,1
0.04677077382802963,1
0.1276932954788208,1
1.0503579378128052,1
0.7901491522789001,1
-0.5900924205780029,1
-0.3320034146308899,1
1.0331851243972778,1
0.5019755959510803,1
0.6168935894966125,1
0.45653069019317627,1
-0.37607645988464355,1
1.0777066946029663,1
0.9438097476959229,1
0.8295934200286865,1
0.8852272033691406,1
1.1279933452606201,1
-0.08571025729179382,1
-0.16485656797885895,1
-0.7196314334869385,1
0.3004817068576813,1
0.026554768905043602,1
1.7908047437667847,1
1.63774836063385,1
1.3602226972579956,1
-0.18548545241355896,1
0.3713449537754059,1
0.2892588973045349,1
0.03808128088712692,1
1.282999873161316,1
0.11517545580863953,1
0.010660757310688496,1
-0.6804227828979492,1
0.8817232847213745,1
1.9919497966766357,1
-0.40753477811813354,1
1.1180057525634766,1
-1.2187525033950806,1
-0.9924328923225403,1
-0.3759504556655884,1
0.3309510052204132,1
-0.37189599871635437,1
-2.8317344188690186,1
-0.2903144359588623,1
0.774192750453949,1
1.4869358539581299,1
2.083407163619995,1
0.3274364769458771,1
1.3731931447982788,1
-1.1171293258666992,1
-0.44594621658325195,1
-0.8514686226844788,1
-0.7606565356254578,1
-0.7103638052940369,1
-0.1075577363371849,1
0.21153289079666138,1
0.36832156777381897,1
-0.7357849478721619,1
0.32429471611976624,1
-1.1877800226211548,1
-1.3480982780456543,1
-0.8370146155357361,1
-0.3636362552642822,1
-1.6494821310043335,1
2.304105281829834,1
0.12706419825553894,1
-1.286012053489685,1
-0.04803873226046562,1
-1.1087570190429688,1
-0.17736493051052094,1
0.8657613396644592,1
-1.240187168121338,1
1.708818793296814,1
-0.6379407644271851,1
-1.102471947669983,1
0.19160477817058563,1
-0.41337284445762634,1
-0.4691125154495239,1
-0.5507594347000122,1
-1.696536898612976,1
0.30810168385505676,1
-1.1743450164794922,1
1.1833924055099487,1
-0.46681419014930725,1
-0.6648986339569092,1
0.3732542395591736,1
1.1795547008514404,1
-0.9703898429870605,1
-0.04783177375793457,1
-1.2845181226730347,1
0.8407303094863892,1
0.6149515509605408,1
-0.45220616459846497,1
-1.976407766342163,1
-1.9689490795135498,1
0.17157839238643646,1
-0.24302855134010315,1
-1.6615712642669678,1
1.4915001392364502,1
-0.5603276491165161,1
-0.4907863438129425,1
-1.1731289625167847,1
-1.200244665145874,1
-1.764050841331482,1
0.7181556820869446,1
0.18976102769374847,1
0.8194113969802856,1
-0.4638814926147461,1
0.5048187375068665,1
1.1809821128845215,1
0.8275542259216309,1
-0.9418302178382874,1
-0.2571257948875427,1
0.2574029564857483,1
-0.13093248009681702,1
0.6638193130493164,1
-0.7211505770683289,1
2.348773241043091,1
-0.09466125816106796,1
-1.5881075859069824,1
-0.5450162291526794,1
-1.0874658823013306,1
-1.152065396308899,1
0.9578543901443481,1
-1.1291613578796387,1
-0.36479777097702026,1
1.7019531726837158,1
0.7445704340934753,1
0.08705363422632217,1
1.8852674961090088,1
0.5611522793769836,1
0.433549165725708,1
-0.20357364416122437,1
-1.4288043975830078,1
-1.0250228643417358,1
-1.4416301250457764,1
-1.2412606477737427,1
-1.2853282690048218,1
1.9898176193237305,1
1.970254898071289,1
0.8524816036224365,1
-1.0960060358047485,1
0.10156910866498947,1
0.835250198841095,1
0.06433430314064026,1
0.8989599347114563,1
0.000685584731400013,1
-0.8271347880363464,1
-0.9166730642318726,1
0.6393242478370667,1
-0.013800228014588356,1
0.09822391718626022,1
0.9835152626037598,1
2.496478796005249,1
-1.682220697402954,1
1.0217562913894653,1
-1.3434507846832275,1
-0.31799712777137756,1
0.4890257716178894,1
-0.1287025660276413,1
-0.5024795532226562,1
0.19634902477264404,1
-1.067745327949524,1
1.5446124076843262,1
1.0513497591018677,1
0.5356442332267761,1
1.0468536615371704,1
0.893168568611145,1
-1.1181141138076782,1
0.4372064173221588,1
-0.28461694717407227,1
-1.1135927438735962,1
1.9882053136825562,1
1.286370038986206,1
-0.7224664092063904,1
1.1086969375610352,1
-0.4288471043109894,1
-0.4863390028476715,1
2.0494518280029297,1
1.6032214164733887,1
0.5792485475540161,1
0.40587249398231506,1
1.227843999862671,1
0.9875116348266602,1
0.8996267914772034,1
-1.4918321371078491,1
-0.10870936512947083,1
-0.017162086442112923,1
1.5909374952316284,1
0.04006366431713104,1
-0.24966822564601898,1
-0.779818594455719,1
-0.6844052076339722,1
-0.3046145439147949,1
0.06584328413009644,1
0.3113400936126709,1
0.34369343519210815,1
0.4148765504360199,1
-0.8392680287361145,1
-1.8999866247177124,1
0.3281394839286804,1
-0.8586586117744446,1
0.056112147867679596,1
-0.13706402480602264,1
-1.6399633884429932,1
-1.250491976737976,1
0.31307265162467957,1
0.42771241068840027,1
-1.2647154331207275,1
-0.4204786717891693,1
-0.12644383311271667,1
-0.7543923258781433,1
-0.2480713427066803,1
0.9120783805847168,1
-0.642340362071991,1
2.5373706817626953,1
0.8393344283103943,1
-0.235246941447258,1
-0.884727418422699,1
0.6306527256965637,1
-0.4096783399581909,1
-0.3116426467895508,1
-0.8065958619117737,1
-0.29127416014671326,1
0.21263547241687775,1
0.6519696116447449,1
0.4633069336414337,1
-0.22096313536167145,1
0.8829782009124756,1
1.6365530490875244,1
0.046900223940610886,1
0.4859012961387634,1
-0.6377849578857422,1
0.03744072467088699,1
-1.3280446529388428,1
0.8749098777770996,1
0.8001775741577148,1
-0.18805570900440216,1
0.814662754535675,1
0.48337477445602417,1
1.6296828985214233,1
0.26628831028938293,1
-2.760371208190918,1
0.3128015697002411,1
-1.7602788209915161,1
0.15614208579063416,1
-1.333393931388855,1
0.3549862205982208,1
-0.4714953899383545,1
-1.680327296257019,1
-0.1332302689552307,1
-1.157330870628357,1
-0.4534611999988556,1
-1.7346667051315308,1
0.4285713732242584,1
-1.0591102838516235,1
0.39157867431640625,1
-1.4879848957061768,1
2.3351657390594482,1
-0.7082642912864685,1
0.09624270349740982,1
0.5047887563705444,1
-0.7702887654304504,1
-1.2834628820419312,1
-0.45810970664024353,1
1.494330883026123,1
-0.9493037462234497,1
-0.08994755148887634,1
-0.09325634688138962,1
0.3559611141681671,1
0.6868142485618591,1
0.4064975678920746,1
-0.5191665887832642,1
-1.2082241773605347,1
0.6458540558815002,1
-1.2031166553497314,1
0.3364603519439697,1
1.0841401815414429,1
-1.3960546255111694,1
-0.27423402667045593,1
-1.3025091886520386,1
-1.0626834630966187,1
0.488558292388916,1
-0.042960818856954575,1
-0.6156535148620605,1
2.5350701808929443,1
0.3513212502002716,1
1.2684451341629028,1
0.7907060980796814,1
-0.2468675822019577,1
-1.9857354164123535,1
-1.033958077430725,1
-0.3865455985069275,1
0.04750926047563553,1
1.236479640007019,1
0.6292844414710999,1
-0.3250381350517273,1
0.39159250259399414,1
-0.9930152297019958,1
-1.6005653142929077,1
0.005179464351385832,1
-1.1122432947158813,1
-2.0800774097442627,1
-0.45899608731269836,1
1.0667994022369385,1
0.19325289130210876,1
0.24455590546131134,1
0.5777491927146912,1
0.20208127796649933,1
-0.04018337279558182,1
1.0105682611465454,1
-0.048772308975458145,1
1.0140364170074463,1
0.09055668115615845,1
-0.44620853662490845,1
1.3544622659683228,1
0.6611918210983276,1
0.5058116912841797,1
1.3026703596115112,1
1.0420002937316895,1
-0.9138325452804565,1
1.778756022453308,1
-0.2581283450126648,1
-1.3653823137283325,1
-1.7237308025360107,1
-0.2683223783969879,1
-0.4010719954967499,1
1.1708896160125732,1
-0.021557385101914406,1
-0.7704211473464966,1
0.24769122898578644,1
0.46328040957450867,1
0.7798965573310852,1
-0.8242433667182922,1
-0.43491074442863464,1
0.1857319325208664,1
-1.1658624410629272,1
-0.8652864098548889,1
-0.043049152940511703,1
-0.584854006767273,1
0.28097572922706604,1
0.004542534705251455,1
-0.7433860301971436,1
-1.065807580947876,1
-0.5757813453674316,1
0.9834133386611938,1
-0.5788565278053284,1
-0.7846192121505737,1
-1.3794585466384888,1
0.698653519153595,1
-1.7073079347610474,1
-0.6966984868049622,1
-0.5197009444236755,1
-0.5455984473228455,1
-0.605149507522583,1
-1.5683612823486328,1
0.4202316999435425,1
-0.493854820728302,1
0.192782461643219,1
1.9660011529922485,1
-0.36545923352241516,1
0.8797624707221985,1
-0.5786291360855103,1
-1.3479723930358887,1
0.8474564552307129,1
0.7853403687477112,1
-1.7899067401885986,1
1.2673287391662598,1
-0.4676758944988251,1
-0.7699223756790161,1
1.8348562717437744,1
-0.9590110778808594,1
1.187657356262207,1
-1.1597906351089478,1
0.182472363114357,1
0.7727593183517456,1
-0.6809545159339905,1
0.8858949542045593,1
-1.1781847476959229,1
0.06945031881332397,1
0.5410292744636536,1
-0.1457042694091797,1
0.08749616146087646,1
-1.7075773477554321,1
0.5482542514801025,1
-2.1598098278045654,1
0.43525001406669617,1
-0.07140344381332397,1
0.3599582612514496,1
-0.24196982383728027,1
0.4516731798648834,1
-0.4114980697631836,1
0.16351036727428436,1
-0.1992584466934204,1
0.5397839546203613,1
-0.7558348178863525,1
1.7806220054626465,1
1.1295419931411743,1
1.173628807067871,1
0.4363616108894348,1
-1.1226040124893188,1
-1.4905359745025635,1
1.2555092573165894,1
1.1145546436309814,1
0.4397391676902771,1
-0.9696541428565979,1
1.0523159503936768,1
-0.9493297338485718,1
0.7525901198387146,1
-1.2365663051605225,1
2.3159995079040527,1
-0.6245374083518982,1
-1.2066338062286377,1
-1.6771165132522583,1
0.6640799045562744,1
0.9940558075904846,1
0.4055136442184448,1
1.3706576824188232,1
0.022692549973726273,1
0.03961208090186119,1
-0.617473840713501,1
1.3896138668060303,1
-1.1573859453201294,1
0.24460914731025696,1
0.6889654397964478,1
2.1360630989074707,1
0.14123165607452393,1
1.0825177431106567,1
0.11642733961343765,1
0.2989059388637543,1
-0.2434363216161728,1
0.8745090961456299,1
0.11639273166656494,1
0.9099274277687073,1
-1.228264570236206,1
-0.597565233707428,1
0.7263327836990356,1
0.6193622350692749,1
-0.5883090496063232,1
-0.38334921002388,1
1.0923171043395996,1
0.14570507407188416,1
0.023999318480491638,1
0.7961517572402954,1
-0.3262068033218384,1
-0.6127550601959229,1
2.554123640060425,1
0.572016179561615,1
0.518833339214325,1
-1.0758417844772339,1
-0.09987199306488037,1
0.9912069439888,1
-0.4032469093799591,1
2.25370192527771,1
-0.8800264596939087,1
-1.0988115072250366,1
-0.06783492863178253,1
0.2014128416776657,1
-1.298319935798645,1
0.8764250874519348,1
-0.17163126170635223,1
1.917642593383789,1
-0.7611936330795288,1
0.2820983827114105,1
-0.31060895323753357,1
1.0091198682785034,1
1.094956398010254,1
-0.561204731464386,1
-0.7867556214332581,1
-1.9597562551498413,1
0.8834864497184753,1
0.9718475341796875,1
-0.6975285410881042,1
-0.5685879588127136,1
-0.7994118928909302,1
-1.4230124950408936,1
-0.22177542746067047,1
-0.8206185102462769,1
-0.49398624897003174,1
2.074026584625244,1
2.680863618850708,1
0.9264655113220215,1
0.8525083661079407,1
-3.2002978324890137,1
1.2628573179244995,1
-0.06851888447999954,1
0.16204304993152618,1
1.6940159797668457,1
-0.02051127515733242,1
-0.8390644192695618,1
0.7776790857315063,1
-0.24658718705177307,1
0.1145186647772789,1
0.41083911061286926,1
1.3629627227783203,1
-1.3601056337356567,1
-0.8649709820747375,1
-1.1766636371612549,1
0.007473901379853487,1
-0.725716233253479,1
0.8601582050323486,1
-0.08088763058185577,1
-0.482932448387146,1
0.015760554000735283,1
0.8623135685920715,1
0.2806718647480011,1
2.4319570064544678,1
0.29002049565315247,1
0.7535541653633118,1
0.6062577366828918,1
0.7343554496765137,1
-0.6715560555458069,1
0.45466265082359314,1
-0.6131103038787842,1
-0.6143341660499573,1
-0.2899221181869507,1
0.24506153166294098,1
1.1274644136428833,1
-0.7852010726928711,1
-1.4833688735961914,1
0.4504455029964447,1
1.9728453159332275,1
-1.0474036931991577,1
3.4955694675445557,0
2.910369873046875,0
4.893078804016113,0
1.8954672813415527,0
2.8460731506347656,0
2.053368330001831,0
2.651292324066162,0
4.159587860107422,0
2.5648012161254883,0
2.9744694232940674,0
2.828752040863037,0
3.0099563598632812,0
3.191429615020752,0
2.747966766357422,0
2.0628459453582764,0
2.321995496749878,0
4.115695953369141,0
3.5691325664520264,0
2.6590592861175537,0
2.345144748687744,0
4.064489364624023,0
2.8962178230285645,0
2.398627996444702,0
3.2177019119262695,0
3.728856325149536,0
2.3966240882873535,0
1.256907343864441,0
3.2109200954437256,0
2.197662115097046,0
3.6656153202056885,0
4.950227737426758,0
1.2252223491668701,0
1.3050230741500854,0
2.125349760055542,0
4.100237846374512,0
3.1776535511016846,0
4.1958417892456055,0
2.1288747787475586,0
4.064547061920166,0
3.9775781631469727,0
4.900361061096191,0
1.2095723152160645,0
2.855571985244751,0
2.61301589012146,0
2.011402130126953,0
3.196018934249878,0
2.162766218185425,0
4.432950019836426,0
1.372613787651062,0
1.7296314239501953,0
3.7552859783172607,0
2.5644237995147705,0
3.085751533508301,0
2.279592275619507,0
4.121315956115723,0
2.130045175552368,0
3.851292133331299,0
3.984593391418457,0
3.5555429458618164,0
2.2464206218719482,0
3.6752045154571533,0
2.7135746479034424,0
2.275775909423828,0
3.022240400314331,0
3.177351474761963,0
2.411201238632202,0
2.1167027950286865,0
1.040176272392273,0
2.296619415283203,0
3.8806872367858887,0
3.932790994644165,0
2.8055152893066406,0
1.5825594663619995,0
2.868353843688965,0
4.086186408996582,0
2.839292049407959,0
1.9588204622268677,0
3.416996717453003,0
2.6769864559173584,0
3.4952735900878906,0
2.779390335083008,0
0.8939273357391357,0
3.4541783332824707,0
3.268183469772339,0
2.915233612060547,0
3.593440055847168,0
2.8472695350646973,0
2.059450387954712,0
1.2562836408615112,0
1.990988850593567,0
3.2197134494781494,0
3.585747241973877,0
1.9432615041732788,0
2.7234606742858887,0
3.998231887817383,0
2.4578757286071777,0
5.784062385559082,0
3.8444204330444336,0
2.4499354362487793,0
1.8417798280715942,0
2.595820665359497,0
3.3862361907958984,0
2.7995026111602783,0
3.5353376865386963,0
3.2394750118255615,0
1.5631824731826782,0
1.643510341644287,0
3.2351644039154053,0
3.4896442890167236,0
3.0634400844573975,0
3.753676652908325,0
2.3634233474731445,0
3.5131421089172363,0
3.3974883556365967,0
2.8949637413024902,0
3.4513461589813232,0
4.794970512390137,0
4.764301776885986,0
3.225472927093506,0
1.323119878768921,0
1.5424574613571167,0
1.2531542778015137,0
2.801359176635742,0
2.8934783935546875,0
2.5801477432250977,0
1.7881888151168823,0
3.0546505451202393,0
2.1671299934387207,0
2.4412600994110107,0
2.339944362640381,0
3.134850025177002,0
3.5680348873138428,0
4.219921588897705,0
2.6547765731811523,0
1.7378292083740234,0
0.9117858409881592,0
3.6939616203308105,0
3.5373330116271973,0
2.0475099086761475,0
2.4777119159698486,0
1.566956639289856,0
3.82838773727417,0
1.5350828170776367,0
3.6213161945343018,0
3.613264560699463,0
3.2944655418395996,0
2.2672743797302246,0
2.410524606704712,0
3.8577842712402344,0
3.86368465423584,0
2.5060296058654785,0
3.925478458404541,0
4.609307289123535,0
3.3173017501831055,0
3.805384874343872,0
2.1635079383850098,0
2.6486682891845703,0
3.5990700721740723,0
1.4781086444854736,0
3.706566095352173,0
2.6558709144592285,0
3.396293878555298,0
3.845341444015503,0
1.8829039335250854,0
2.0433032512664795,0
1.5180312395095825,0
1.8661483526229858,0
3.860511541366577,0
3.104957103729248,0
3.189980983734131,0
4.156626224517822,0
3.0180656909942627,0
3.1691577434539795,0
3.403635263442993,0
2.992332696914673,0
4.714520454406738,0
4.157566070556641,0
1.8407589197158813,0
2.277090549468994,0
2.8431665897369385,0
2.80253267288208,0
1.9876735210418701,0
3.7789998054504395,0
2.8708484172821045,0
3.201772689819336,0
3.626528263092041,0
4.271890640258789,0
4.0980544090271,0
2.789283275604248,0
2.341355800628662,0
4.084758758544922,0
3.2386367321014404,0
1.5367637872695923,0
4.791637897491455,0
3.723858118057251,0
1.5016902685165405,0
3.9588119983673096,0
6.221412658691406,0
2.7769081592559814,0
2.549346923828125,0
3.169633388519287,0
3.215259075164795,0
3.3628454208374023,0
4.221669673919678,0
3.8162028789520264,0
2.528400421142578,0
3.743842124938965,0
1.042191505432129,0
3.8596599102020264,0
3.850850820541382,0
3.301816463470459,0
4.6601948738098145,0
2.736691474914551,0
3.1887760162353516,0
2.1537890434265137,0
1.7184674739837646,0
1.6387757062911987,0
2.4832282066345215,0
1.8231934309005737,0
2.4360599517822266,0
2.1518778800964355,0
4.4653425216674805,0
2.0605924129486084,0
1.4888468980789185,0
1.8163710832595825,0
2.8533711433410645,0
4.15073823928833,0
2.2290279865264893,0
2.0634398460388184,0
3.430480718612671,0
2.8752965927124023,0
2.6779913902282715,0
2.607299566268921,0
2.502467393875122,0
1.8819001913070679,0
2.108626365661621,0
4.646145343780518,0
3.0798635482788086,0
1.3110771179199219,0
4.312434673309326,0
4.108241558074951,0
5.090519905090332,0
3.6685550212860107,0
3.671297788619995,0
4.659667491912842,0
2.7340173721313477,0
1.206539511680603,0
2.6241202354431152,0
3.181638240814209,0
4.566622257232666,0
3.630359411239624,0
2.748335361480713,0
5.8992414474487305,0
2.812816858291626,0
3.6467199325561523,0
2.0275607109069824,0
1.397165298461914,0
4.288166522979736,0
3.494432210922241,0
2.1762638092041016,0
3.689584255218506,0
3.9400691986083984,0
2.1529181003570557,0
3.8492836952209473,0
1.9978642463684082,0
3.3928165435791016,0
4.37899923324585,0
1.7134443521499634,0
2.3339221477508545,0
4.518880844116211,0
5.757048606872559,0
1.7769863605499268,0
2.2368595600128174,0
2.481058359146118,0
3.0242724418640137,0
3.4891743659973145,0
2.802964448928833,0
4.119717597961426,0
2.2593517303466797,0
2.85434889793396,0
2.59736704826355,0
3.0823562145233154,0
2.092015504837036,0
3.2945516109466553,0
3.6818175315856934,0
3.030789613723755,0
1.6673649549484253,0
3.0097830295562744,0
1.3016579151153564,0
2.2129135131835938,0
2.415107250213623,0
4.189513206481934,0
3.370067596435547,0
4.064740180969238,0
3.1187798976898193,0
3.002298593521118,0
2.3064539432525635,0
4.351680755615234,0
5.159692764282227,0
4.726945877075195,0
2.4223124980926514,0
4.457962989807129,0
2.4242899417877197,0
3.2585010528564453,0
3.6963577270507812,0
3.018340587615967,0
4.485890865325928,0
2.8260385990142822,0
4.83616828918457,0
1.4659456014633179,0
0.6283514499664307,0
1.7325434684753418,0
2.4034464359283447,0
4.7473530769348145,0
3.2829642295837402,0
1.8459782600402832,0
2.681762933731079,0
4.138608455657959,0
4.082988739013672,0
2.6798436641693115,0
1.8957481384277344,0
3.943018674850464,0
4.547135829925537,0
3.686082363128662,0
4.23825216293335,0
3.7366223335266113,0
2.916645050048828,0
3.458054542541504,0
4.703221797943115,0
3.813840389251709,0
2.6842057704925537,0
3.031075954437256,0
2.363926649093628,0
2.3208584785461426,0
1.5077078342437744,0
3.431427240371704,0
3.716677188873291,0
2.5647363662719727,0
2.8756062984466553,0
2.0649428367614746,0
3.193828821182251,0
2.9692578315734863,0
3.8289151191711426,0
3.3249435424804688,0
1.7914255857467651,0
6.021237373352051,0
1.4461078643798828,0
2.2784762382507324,0
2.6001040935516357,0
3.1244425773620605,0
2.3341064453125,0
2.509131908416748,0
1.9137169122695923,0
2.2950172424316406,0
2.0490269660949707,0
2.656583786010742,0
2.847677230834961,0
4.659488201141357,0
4.259124755859375,0
2.5153985023498535,0
2.447263240814209,0
3.138253688812256,0
3.380549192428589,0
4.765938758850098,0
5.163694381713867,0
2.9261553287506104,0
3.37788724899292,0
4.590886116027832,0
4.105164527893066,0
4.206169605255127,0
2.318349838256836,0
3.9908227920532227,0
3.7737932205200195,0
3.4278693199157715,0
3.4270691871643066,0
3.1494016647338867,0
3.873056411743164,0
3.8102669715881348,0
3.186426877975464,0
3.3653650283813477,0
4.1570024490356445,0
3.1829657554626465,0
2.365290641784668,0
3.5728378295898438,0
3.2674407958984375,0
4.280811309814453,0
4.272660255432129,0
3.7530364990234375,0
3.895674705505371,0
1.9142835140228271,0
3.6661176681518555,0
2.245251417160034,0
1.6176642179489136,0
2.6595871448516846,0
3.078514814376831,0
2.9218645095825195,0
2.319401979446411,0
1.1688706874847412,0
1.5289702415466309,0
2.2247633934020996,0
1.5180065631866455,0
4.217473030090332,0
2.71878719329834,0
3.2051775455474854,0
2.4980101585388184,0
2.830068826675415,0
2.9813590049743652,0
1.9550044536590576,0
1.7369495630264282,0
1.5979841947555542,0
1.918118953704834,0
3.385111093521118,0
3.5945239067077637,0
3.0562682151794434,0
4.57079553604126,0
2.602506160736084,0
3.7346811294555664,0
3.0162177085876465,0
4.1231770515441895,0
2.7011704444885254,0
0.388657808303833,0
1.2221406698226929,0
1.2551900148391724,0
1.709848403930664,0
3.4540228843688965,0
3.2738888263702393,0
4.196960926055908,0
1.4912055730819702,0
4.361267566680908,0
2.819936752319336,0
2.6350324153900146,0
2.99642014503479,0
2.629446029663086,0
2.8705673217773438,0
2.3838343620300293,0
3.0672919750213623,0
2.9557180404663086,0
3.662627696990967,0
4.629116535186768,0
3.7088356018066406,0
2.1884803771972656,0
1.131576418876648,0
3.123460054397583,0
2.9255213737487793,0
3.4061479568481445,0
2.125746488571167,0
4.0193657875061035,0
3.6980223655700684,0
3.6398394107818604,0
4.434251308441162,0
3.584196090698242,0
1.8217108249664307,0
2.4375662803649902,0
4.541697025299072,0
3.769836902618408,0
1.4961655139923096,0
1.5717061758041382,0
1.9301997423171997,0
2.640282154083252,0
3.655858278274536,0
5.113246917724609,0
3.886505126953125,0
5.598074913024902,0
3.4581637382507324,0
3.496290922164917,0
4.4739508628845215,0
2.20029616355896,0
2.8252696990966797,0
1.4238923788070679,0
2.535956621170044,0
4.440115928649902,0
2.623995542526245,0
2.2372212409973145,0
1.9886493682861328,0
2.3417649269104004,0
3.012333869934082,0
3.9149584770202637,0
0.9812619686126709,0
2.1466522216796875,0
3.105431079864502,0
2.751979112625122,0
2.3905653953552246,0
1.9418649673461914,0
1.425544023513794,0
3.687856435775757,0
2.780208110809326,0
1.4846404790878296,0
3.1510894298553467,0
2.940639019012451,0
3.7924962043762207,0
4.815384387969971,0
0.7440903186798096,0
2.9947350025177,0
2.602701425552368,0
3.316864490509033,0
2.8577373027801514,0
2.4770424365997314,0
3.2095718383789062,0
3.432450771331787,0
3.186462640762329,0
3.4968669414520264,0
2.403083324432373,0
2.271069049835205,0
2.9482765197753906,0
4.662679195404053,0
3.5255486965179443,0
3.720937728881836,0
2.193603515625,0
2.439619302749634,0
2.5906808376312256,0
2.388014793395996,0
3.8541953563690186,0
3.8644144535064697,0
2.8861377239227295,0
1.0159047842025757,0
1.3308708667755127,0
4.242613792419434,0
4.124340057373047,0
4.173315048217773,0
2.8417584896087646,0
3.517122268676758,0
2.3392555713653564,0
0.5372610092163086,0
1.314884066581726,0
3.5176339149475098,0
2.8460023403167725,0
2.9680516719818115,0
3.626974105834961,0
1.9994648694992065,0
3.5958595275878906,0
3.966578483581543,0
2.50106143951416,0
2.8877720832824707,0
3.415015935897827,0
2.7969472408294678,0
3.211326837539673,0
3.355818748474121,0
5.151583194732666,0
2.406393527984619,0
2.9804325103759766,0
1.5725128650665283,0
2.2394134998321533,0
4.396602630615234,0
4.447709083557129,0
3.795710802078247,0
3.531548500061035,0
3.558344602584839,0
4.141664981842041,0
1.070949673652649,0
4.012111663818359,0
3.266592264175415,0
2.6291403770446777,0
3.8251826763153076,0
3.2727177143096924,0
2.1947972774505615,0
4.923463821411133,0
2.221461772918701,0
3.941643714904785,0
2.6875905990600586,0
3.1342570781707764,0
3.75026273727417,0
2.0669217109680176,0
3.8524317741394043,0
1.5252366065979004,0
2.0470709800720215,0
4.243033409118652,0
3.5869140625,0
5.104137420654297,0
3.6912598609924316,0
2.6309974193573,0
1.854235291481018,0
1.947454810142517,0
3.0980141162872314,0
3.209648847579956,0
2.2953031063079834,0
2.9263367652893066,0
5.036991119384766,0
2.3872034549713135,0
3.7223360538482666,0
3.6695034503936768,0
3.2024483680725098,0
2.4623894691467285,0
4.464881420135498,0
3.0276520252227783,0
1.6523935794830322,0
2.440713405609131,0
3.045456886291504,0
2.9094929695129395,0
1.6442159414291382,0
3.8799381256103516,0
4.412393093109131,0
3.0276896953582764,0
3.6502511501312256,0
0.3658134937286377,0
2.8666725158691406,0
2.9539589881896973,0
1.104367733001709,0
3.7681562900543213,0
4.3861188888549805,0
1.7540744543075562,0
2.7294507026672363,0
3.687504529953003,0
5.653017044067383,0
2.15141224861145,0
5.242402076721191,0
1.413246512413025,0
1.7716764211654663,0
2.5711669921875,0
4.423956394195557,0
4.790643215179443,0
4.248649597167969,0
5.067124843597412,0
0.4453132152557373,0
4.202700614929199,0
2.7119476795196533,0
2.838329315185547,0
4.263172626495361,0
2.0054585933685303,0
3.310309410095215,0
1.8029577732086182,0
3.4438114166259766,0
2.108856678009033,0
1.2636462450027466,0
2.6161012649536133,0
3.5854713916778564,0
2.0692172050476074,0
2.404714345932007,0
3.6676220893859863,0
3.5029828548431396,0
3.795921564102173,0
3.2578139305114746,0
4.282569885253906,0
2.733536720275879,0
4.07006311416626,0
4.390370845794678,0
4.358968734741211,0
2.2031655311584473,0
2.628171920776367,0
3.5461630821228027,0
3.153289556503296,0
1.9384442567825317,0
2.476428508758545,0
3.367149591445923,0
1.1904082298278809,0
3.2548305988311768,0
3.8999295234680176,0
3.999852418899536,0
3.664858341217041,0
2.6604201793670654,0
4.499188423156738,0
1.0846754312515259,0
1.7128702402114868,0
2.689354658126831,0
2.209850788116455,0
3.748814582824707,0
4.507615089416504,0
1.191603183746338,0
3.882056951522827,0
4.163345813751221,0
2.742318868637085,0
2.5272321701049805,0
1.8155171871185303,0
3.404489517211914,0
1.7139543294906616,0
3.478743076324463,0
3.924407482147217,0
2.5052528381347656,0
2.481903076171875,0
2.6902079582214355,0
3.8945367336273193,0
3.1434547901153564,0
2.713552236557007,0
3.186068058013916,0
3.9447851181030273,0
5.315585136413574,0
1.3641630411148071,0
3.249154806137085,0
3.2742295265197754,0
3.3166561126708984,0
3.414503574371338,0
5.019674777984619,0
1.4773504734039307,0
1.9770771265029907,0
4.856837272644043,0
4.37894344329834,0
3.2828853130340576,0
4.914450168609619,0
3.6717896461486816,0
1.668163776397705,0
3.7187511920928955,0
3.88114595413208,0
2.9241909980773926,0
3.806485652923584,0
4.446854591369629,0
1.7980738878250122,0
3.5636401176452637,0
5.418227195739746,0
2.800086259841919,0
2.820666551589966,0
2.8413121700286865,0
3.936791181564331,0
1.3175296783447266,0
3.5906078815460205,0
1.6480810642242432,0
2.785550832748413,0
0.784557580947876,0
4.088040351867676,0
3.70918607711792,0
1.702170968055725,0
3.1291069984436035,0
2.589512348175049,0
2.7892487049102783,0
1.6992841958999634,0
4.282846450805664,0
2.4175891876220703,0
4.161410331726074,0
4.233918190002441,0
2.3901185989379883,0
1.942253589630127,0
3.787601947784424,0
3.4644453525543213,0
4.423288345336914,0
3.8008532524108887,0
3.9058618545532227,0
2.7734100818634033,0
4.105860710144043,0
3.8049192428588867,0
4.642669200897217,0
3.367516040802002,0
2.142753839492798,0
1.1788382530212402,0
1.2234851121902466,0
1.2310869693756104,0
2.503756523132324,0
1.7234896421432495,0
4.578548431396484,0
5.047680854797363,0
2.455634832382202,0
4.312872409820557,0
4.40065860748291,0
1.5491092205047607,0
1.912149429321289,0
3.7345597743988037,0
2.1580734252929688,0
2.8382794857025146,0
3.91117262840271,0
2.8388617038726807,0
4.651021957397461,0
3.0753936767578125,0
3.3362908363342285,0
2.8325581550598145,0
3.2744810581207275,0
4.756293773651123,0
1.6739753484725952,0
2.5787479877471924,0
2.8261988162994385,0
4.562976360321045,0
2.8966760635375977,0
2.194467782974243,0
3.2037172317504883,0
3.4680557250976562,0
1.210079550743103,0
2.934687614440918,0
1.5904524326324463,0
3.44702410697937,0
3.110139846801758,0
4.1700663566589355,0
3.0191709995269775,0
2.146237373352051,0
1.9133098125457764,0
5.276805877685547,0
3.672067642211914,0
3.2226674556732178,0
2.817216396331787,0
3.7219431400299072,0
3.6263136863708496,0
4.315192699432373,0
3.456148386001587,0
3.1035525798797607,0
2.938645124435425,0
2.8515970706939697,0
2.2397477626800537,0
2.6300625801086426,0
4.795744895935059,0
2.3698291778564453,0
1.5984197854995728,0
3.3375978469848633,0
3.5423171520233154,0
4.654513359069824,0
2.8572938442230225,0
3.2017083168029785,0
2.2411723136901855,0
3.027419090270996,0
2.439225196838379,0
4.094389915466309,0
0.5472488403320312,0
1.4001365900039673,0
2.992767095565796,0
3.7755329608917236,0
3.933016777038574,0
